TDSFU Daily run: Sat Oct 25 09:18:03 UTC 2025 TDSFU
TDSFU Daily run: Sun Oct 26 04:41:02 UTC 2025 TDSFU
TDSFU Daily run: Mon Oct 27 04:52:03 UTC 2025 TDSFU
TDSFU Daily run: Tue Oct 28 04:45:17 UTC 2025 TDSFU
TDSFU Daily run: Wed Oct 29 04:48:59 UTC 2025 TDSFU
TDSFU Daily run: Thu Oct 30 04:44:01 UTC 2025 TDSFU
TDSFU Daily run: Fri Oct 31 04:58:02 UTC 2025 TDSFU
TDSFU Daily run: Sat Nov  1 04:39:59 UTC 2025 TDSFU
TDSFU Daily run: Sun Nov  2 04:44:11 UTC 2025 TDSFU
TDSFU Daily run: Mon Nov  3 04:51:15 UTC 2025 TDSFU
TDSFU Daily run: Tue Nov  4 04:45:22 UTC 2025 TDSFU
TDSFU Daily run: Wed Nov  5 04:34:19 UTC 2025 TDSFU
